inv_id,prd_id,warehouse_loc,stock_on_hand,reorder_level,snapshot_date
INV-00001,589,DAL,46,100,2025-01-11
INV-00002,372,LA,-7,66,2015-10-15
INV-00003,518,CHI,117,59,2018-09-15
INV-00004,504,SJS,396,27,2013-04-19
INV-00005,554,HOU,84,66,2014-03-16
INV-00006,382,ATL,-22,37,2015-10-12
INV-00007,361,LA,179,64,2013-04-03
INV-00008,575,NYC,307,86,2014-02-19
INV-00009,586,Hou,337,48,2017-05-23
INV-00010,601,ATL,27,40,2024-08-11
INV-00011,573,LA,455,11,07/12/2013
INV-00012,555,ATL,349,32,02/05/2018
INV-00013,605,HOU,20,17,08/20/2012
INV-00014,570,San,216,99,2019-12-05
INV-00015,384,SJS,40,75,01/13/2023
INV-00016,510,LA,427,93,2014-06-26
INV-00017,521,DAL,44,65,2012-06-25
INV-00018,489,CHI,362,27,2024-09-24
INV-00019,498,SAN,421,43,2014-09-04
INV-00020,478,Nyc,15,52,11/05/2013
INV-00021,477,LA,254,68,2017-02-06
INV-00022,555,CHI,130,23,03/30/2012
INV-00023,540,HOU,441,11,2013-08-02
INV-00024,382,chi,439,14,2021-07-31
INV-00025,473,atl,163,44,05/28/2020
INV-00026,538,HOU,411,76,10/27/2023
INV-00027,529,Sjs,159,51,2019-12-29
INV-00028,613,SJS,155,89,2021-03-30
INV-00029,536,DAL,279,41,2019-04-05
INV-00030,635,PHL,355,11,03/13/2020
INV-00031,506,SJS,271,40,2011-01-12
INV-00032,378,SJS,471,39,05/05/2012
INV-00033,505,phx,43,84,2022-08-28
INV-00034,510,NYC,-47,65,2013-12-29
INV-00035,476,phl,201,99,12/06/2013
INV-00036,479,DAL,103,27,04/26/2018
INV-00037,353,CHI,160,62,2024-02-11
INV-00038,436,PHX,135,25,2019-01-14
INV-00039,588,LA,427,51,2017-10-28
INV-00040,511,SAN,153,43,07/26/2016
INV-00041,626,PHX,281,41,2014-11-25
INV-00042,376,NYC,425,38,2013-04-14
INV-00043,571,NYC,132,19,2019-12-26
INV-00044,575,Phx,47,52,2012-06-12
INV-00045,556,Atl,202,73,2021-05-04
INV-00046,438,CHI,228,29,2020-07-27
INV-00047,575,SJS,451,80,2024-11-20
INV-00048,376,ATL,452,77,2012-12-19
INV-00049,507,PHL,400,72,2023-03-12
INV-00050,509,SJS,163,86,2023-09-08
INV-00051,530,SAN,299,39,04/20/2017
INV-00052,471,SJS,405,17,03/31/2013
INV-00053,509,phl,432,32,2015-12-03
INV-00054,598,phl,14,100,2024-04-15
INV-00055,554,dal,414,73,2023-09-25
INV-00056,298,HOU,112,12,2014-12-09
INV-00057,567,Dal,174,32,01/06/2011
INV-00058,380,LA,72,24,04/04/2018
INV-00059,505,ATL,172,48,2019-03-09
INV-00060,521,PHX,89,100,07/14/2014
INV-00061,444,La,193,49,2024-10-06
INV-00062,596,hou,485,83,2017-08-09
INV-00063,639,phl,495,88,2023-09-23
INV-00064,537,CHI,39,40,2023-09-07
INV-00065,295,PHL,135,36,2018-03-02
INV-00066,353,HOU,224,63,07/09/2012
INV-00067,506,PHL,51,71,04/14/2020
INV-00068,585,DAL,37,14,2023-12-19
INV-00069,309,NYC,454,58,2018-02-23
INV-00070,298,PHL,314,71,2012-09-06
INV-00071,390,la,80,16,2020-09-03
INV-00072,514,SAN,373,79,2015-08-11
INV-00073,303,HOU,281,72,2017-04-25
INV-00074,606,Sjs,320,86,2019-02-03
INV-00075,611,sjs,242,24,2013-03-05
INV-00076,579,SJS,278,59,2019-12-01
INV-00077,524,HOU,238,43,2019-07-22
INV-00078,382,NYC,176,79,2017-01-09
INV-00079,255,Atl,214,78,2024-03-24
INV-00080,467,PHX,202,14,2021-08-25
INV-00081,583,LA,486,67,2022-08-04
INV-00082,418,CHI,40,97,2014-10-01
INV-00083,562,SJS,372,18,2025-01-25
INV-00084,493,SJS,469,11,06/24/2023
INV-00085,517,NYC,75,82,2024-12-22
INV-00086,554,Nyc,444,78,03/31/2013
INV-00087,577,PHX,242,14,2020-03-20
INV-00088,565,ATL,455,52,2020-01-15
INV-00089,478,PHL,418,48,2012-02-08
INV-00090,585,nyc,116,27,2022-01-10
INV-00091,492,SJS,309,92,2020-12-08
INV-00092,514,Phx,444,57,11/27/2020
INV-00093,258,SJS,206,27,07/23/2022
INV-00094,231,CHI,426,35,10/04/2022
INV-00095,604,PHL,-33,57,08/05/2016
INV-00096,361,HOU,250,86,2022-04-30
INV-00097,499,PHL,457,43,2021-08-23
INV-00098,508,HOU,292,37,01/10/2013
INV-00099,478,ATL,442,97,2016-01-19
INV-00100,563,HOU,-12,49,2013-12-19
INV-00101,506,PHL,111,69,2017-03-05
INV-00102,511,LA,261,94,09/05/2022
INV-00103,562,LA,350,23,2019-05-24
INV-00104,573,Phl,133,93,2018-07-17
INV-00105,542,dal,412,86,2017-09-13
INV-00106,594,HOU,151,43,03/03/2018
INV-00107,237,LA,-14,34,2020-01-28
INV-00108,573,phx,343,55,2015-12-27
INV-00109,552,CHI,241,26,2014-10-24
INV-00110,404,PHL,113,55,2023-07-16
INV-00111,494,PHL,150,69,11/20/2017
INV-00112,572,LA,317,19,2021-07-21
INV-00113,584,ATL,211,16,05/13/2015
INV-00114,432,PHL,291,68,2014-05-20
INV-00115,534,PHL,90,50,2015-01-17
INV-00116,436,CHI,81,72,02/08/2011
INV-00117,521,ATL,494,71,2012-12-22
INV-00118,597,phl,456,51,11/06/2011
INV-00119,583,HOU,127,38,2022-11-29
INV-00120,309,ATL,156,31,2018-09-21
INV-00121,484,PHX,305,77,2012-01-10
INV-00122,535,Phl,84,61,2014-01-01
INV-00123,372,DAL,301,74,2016-01-12
INV-00124,237,atl,130,78,2019-03-23
INV-00125,579,NYC,10,16,2024-04-27
INV-00126,361,SAN,359,29,2020-05-07
INV-00127,627,NYC,138,89,2025-02-19
INV-00128,309,SAN,60,46,2014-01-28
INV-00129,565,Dal,425,76,05/20/2013
INV-00130,485,CHI,-19,36,2019-01-11
INV-00131,210,HOU,464,24,10/12/2021
INV-00132,298,SAN,370,22,01/30/2022
INV-00133,485,SJS,51,32,03/08/2016
INV-00134,583,PHL,59,22,07/08/2017
INV-00135,609,CHI,457,66,01/11/2012
INV-00136,298,Phl,93,24,2017-01-06
INV-00137,508,Phx,332,31,2021-03-28
INV-00138,386,NYC,302,71,04/25/2012
INV-00139,507,PHL,441,97,10/29/2020
INV-00140,534,nyc,225,15,2013-12-06
INV-00141,644,San,295,82,2018-01-18
INV-00142,586,LA,338,41,2018-08-03
INV-00143,552,LA,329,30,2019-08-19
INV-00144,390,Nyc,164,40,2021-07-11
INV-00145,444,SAN,206,40,2017-03-28
INV-00146,524,Nyc,228,50,2020-12-17
INV-00147,222,NYC,18,81,2022-02-26
INV-00148,568,sjs,287,36,2013-01-14
INV-00149,503,Hou,432,68,2021-03-26
INV-00150,593,PHL,58,22,11/25/2024
INV-00151,623,SJS,191,99,2015-12-22
INV-00152,593,ATL,312,35,2014-09-06
INV-00153,408,PHL,212,15,10/24/2019
INV-00154,525,PHX,489,74,2024-03-16
INV-00155,604,san,429,84,2022-03-10
INV-00156,402,LA,417,26,2022-05-27
INV-00157,492,san,214,87,06/20/2024
INV-00158,497,SJS,68,27,2016-07-26
INV-00159,589,San,364,80,2022-06-28
INV-00160,592,SJS,471,96,2015-07-04
INV-00161,587,PHL,389,55,2014-12-27
INV-00162,580,ATL,457,78,2024-01-27
INV-00163,543,NYC,74,16,2020-06-22
INV-00164,388,SJS,74,17,2015-06-26
INV-00165,548,HOU,231,23,2017-08-14
INV-00166,600,SAN,261,99,2023-08-08
INV-00167,509,atl,499,97,2012-01-20
INV-00168,600,SJS,444,66,05/21/2023
INV-00169,549,LA,-4,34,2019-04-01
INV-00170,284,chi,376,75,2014-12-24
INV-00171,552,SJS,299,42,2011-11-29
INV-00172,384,HOU,165,86,2021-06-17
INV-00173,579,SJS,293,80,2025-01-10
INV-00174,406,SAN,258,30,2018-02-16
INV-00175,499,dal,339,52,2023-01-17
INV-00176,602,LA,287,93,2017-08-01
INV-00177,574,la,124,15,2018-10-05
INV-00178,357,ATL,370,46,2018-03-14
INV-00179,505,San,228,72,2022-08-05
INV-00180,290,NYC,489,78,2015-04-27
INV-00181,581,dal,217,23,2025-01-22
INV-00182,281,CHI,367,52,2020-10-05
INV-00183,474,SAN,420,39,08/23/2012
INV-00184,571,ATL,8,59,2020-02-22
INV-00185,647,LA,381,84,2022-12-30
INV-00186,538,NYC,351,48,2012-08-17
INV-00187,522,ATL,338,13,2017-04-25
INV-00188,601,Atl,434,79,2022-12-19
INV-00189,596,phl,5,80,03/26/2014
INV-00190,211,LA,275,80,03/04/2014
INV-00191,599,PHL,-9,75,2017-11-01
INV-00192,474,DAL,-8,82,02/16/2015
INV-00193,550,NYC,34,42,2023-04-24
INV-00194,494,PHL,335,40,2024-01-09
INV-00195,418,PHL,168,88,2024-11-23
INV-00196,555,Phl,490,64,2024-02-07
INV-00197,442,ATL,184,27,2018-01-09
INV-00198,528,PHX,156,72,2018-06-09
INV-00199,287,Sjs,71,78,2014-12-10
INV-00200,284,Hou,323,13,01/20/2025
INV-00201,561,dal,282,43,2023-12-26
INV-00202,382,PHL,456,85,2023-02-08
INV-00203,538,SAN,186,74,2017-07-11
INV-00204,567,Chi,-42,67,2016-05-10
INV-00205,578,CHI,247,55,2023-09-14
INV-00206,477,PHL,342,36,2021-12-08
INV-00207,526,HOU,332,51,2019-02-07
INV-00208,480,SJS,291,32,2022-09-11
INV-00209,577,NYC,192,38,2019-06-28
INV-00210,498,Phx,454,87,2018-11-30
INV-00211,463,NYC,143,37,2014-02-12
INV-00212,593,NYC,212,52,2014-07-13
INV-00213,532,DAL,331,62,2021-10-19
INV-00214,561,CHI,262,15,12/20/2011
INV-00215,476,CHI,207,86,04/18/2014
INV-00216,596,sjs,110,67,2011-06-02
INV-00217,398,Dal,307,28,07/28/2021
INV-00218,540,SJS,351,53,01/29/2015
INV-00219,463,ATL,55,12,2024-05-18
INV-00220,382,LA,243,88,2022-04-24
INV-00221,359,NYC,66,87,2022-12-02
INV-00222,583,ATL,189,15,2011-01-10
INV-00223,533,ATL,411,99,2020-08-15
INV-00224,532,dal,42,46,2020-07-17
INV-00225,408,HOU,404,10,2023-03-13
INV-00226,506,DAL,161,62,2013-08-23
INV-00227,559,SJS,274,64,2014-06-21
INV-00228,584,Atl,211,80,09/21/2024
INV-00229,553,SAN,157,83,2021-10-27
INV-00230,578,NYC,228,99,12/06/2019
INV-00231,512,Phl,314,99,2013-04-01
INV-00232,572,Hou,421,28,2012-03-02
INV-00233,258,SJS,40,87,2024-06-18
INV-00234,512,LA,146,86,2019-08-15
INV-00235,522,HOU,336,76,2014-12-06
INV-00236,540,SAN,314,31,2011-10-03
INV-00237,210,CHI,141,61,2019-01-25
INV-00238,432,SAN,360,18,11/12/2019
INV-00239,553,LA,493,45,2023-04-30
INV-00240,513,LA,89,62,2015-05-13
INV-00241,485,phl,411,75,07/13/2023
INV-00242,557,SJS,494,58,2023-01-24
INV-00243,527,phx,441,13,2016-06-15
INV-00244,572,DAL,117,50,2016-10-13
INV-00245,214,SJS,47,61,2018-12-02
INV-00246,402,PHX,111,83,2018-09-02
INV-00247,432,DAL,446,43,2015-04-07
INV-00248,568,PHL,54,25,07/20/2015
INV-00249,605,san,434,71,2022-01-18
INV-00250,557,SJS,391,75,2018-01-27
INV-00251,363,HOU,216,71,12/25/2015
INV-00252,510,CHI,61,99,2011-09-24
INV-00253,217,DAL,51,51,2018-01-29
INV-00254,477,DAL,490,88,2016-10-28
INV-00255,436,ATL,-27,56,02/15/2015
INV-00256,556,chi,351,39,04/09/2017
INV-00257,552,Atl,100,28,01/20/2017
INV-00258,214,CHI,68,90,2014-05-10
INV-00259,486,SJS,290,16,2018-01-30
INV-00260,475,Phx,49,67,2014-08-31
INV-00261,553,san,131,54,2016-10-29
INV-00262,583,LA,294,93,2013-09-20
INV-00263,482,PHL,261,72,11/30/2014
INV-00264,507,LA,323,28,01/09/2021
INV-00265,566,LA,464,19,2018-07-26
INV-00266,491,SJS,309,92,2018-09-15
INV-00267,502,LA,230,62,2020-12-23
INV-00268,467,sjs,-6,20,2011-07-09
INV-00269,258,PHX,13,60,2019-11-27
INV-00270,568,CHI,476,59,2012-11-12
INV-00271,523,CHI,-40,13,2016-07-19
INV-00272,493,PHX,445,79,01/02/2019
INV-00273,588,SAN,305,68,2023-04-21
INV-00274,573,SAN,177,71,2023-08-26
INV-00275,503,ATL,155,11,2013-01-03
INV-00276,530,SAN,472,72,01/21/2014
INV-00277,606,Atl,305,39,09/13/2021
INV-00278,515,SAN,127,30,2023-04-18
INV-00279,442,SJS,320,40,2019-09-28
INV-00280,585,SJS,380,78,10/02/2024
INV-00281,261,CHI,56,91,2020-04-05
INV-00282,569,PHX,9,29,2021-02-26
INV-00283,607,SJS,366,66,2022-12-31
INV-00284,217,PHX,215,49,03/22/2016
INV-00285,528,HOU,431,28,2022-03-06
INV-00286,530,CHI,430,42,10/20/2019
INV-00287,606,DAL,499,66,2011-04-14
INV-00288,598,NYC,106,70,2011-10-02
INV-00289,386,HOU,281,76,2017-12-31
INV-00290,430,phl,442,95,2021-10-17
INV-00291,521,PHL,406,45,2013-07-14
INV-00292,214,HOU,353,70,2019-11-17
INV-00293,295,DAL,46,97,2014-06-23
INV-00294,501,CHI,405,23,2025-01-08
INV-00295,552,Phl,224,34,2016-03-21
INV-00296,374,sjs,248,100,2019-06-22
INV-00297,535,DAL,278,54,2017-08-11
INV-00298,563,SAN,271,29,2021-07-04
INV-00299,526,Hou,259,58,2016-11-27
INV-00300,503,LA,369,18,2011-06-03
INV-00301,408,SAN,392,80,2023-02-02
INV-00302,574,PHL,267,94,2017-05-08
INV-00303,234,DAL,98,22,2013-11-29
INV-00304,544,LA,131,16,2019-09-19
INV-00305,217,DAL,475,20,2024-08-03
INV-00306,600,Atl,406,100,2012-05-12
INV-00307,240,Nyc,39,37,11/01/2024
INV-00308,465,SAN,98,77,2013-03-06
INV-00309,402,SAN,212,23,10/14/2023
INV-00310,527,atl,85,33,2023-12-07
INV-00311,386,san,226,55,04/27/2022
INV-00312,493,PHL,324,65,05/04/2023
INV-00313,554,SAN,392,80,04/03/2018
INV-00314,525,phx,0,14,09/12/2016
INV-00315,609,SJS,113,37,05/12/2024
INV-00316,586,sjs,261,81,2011-06-27
INV-00317,237,PHX,70,43,2023-10-27
INV-00318,475,SJS,204,82,01/22/2024
INV-00319,533,CHI,460,98,2012-09-24
INV-00320,486,HOU,295,58,2013-02-20
INV-00321,495,phl,222,63,04/03/2012
INV-00322,463,la,324,90,2013-09-14
INV-00323,491,SAN,167,74,2017-11-01
INV-00324,597,atl,-2,86,2014-06-08
INV-00325,484,ATL,172,20,2013-01-07
INV-00326,477,NYC,-23,99,2012-02-08
INV-00327,430,PHX,292,35,2014-01-09
INV-00328,281,Sjs,165,97,10/04/2022
INV-00329,515,ATL,97,51,2013-01-03
INV-00330,398,PHL,411,66,2011-07-18
INV-00331,465,DAL,79,20,2020-11-17
INV-00332,568,Chi,419,46,2012-03-22
INV-00333,530,HOU,378,78,2013-06-30
INV-00334,476,SAN,373,28,2023-04-04
INV-00335,579,SAN,87,17,2011-05-31
INV-00336,529,HOU,338,44,2024-11-10
INV-00337,222,Sjs,332,59,2019-01-29
INV-00338,591,nyc,248,86,2019-07-16
INV-00339,527,san,-49,15,2015-03-08
INV-00340,535,ATL,9,54,2022-11-15
INV-00341,467,SAN,31,90,2018-12-21
INV-00342,231,san,115,29,2019-09-07
INV-00343,295,ATL,347,88,10/24/2019
INV-00344,556,CHI,159,87,2016-02-07
INV-00345,577,CHI,350,35,02/28/2023
INV-00346,544,CHI,465,28,2017-12-06
INV-00347,491,NYC,485,25,2023-09-02
INV-00348,605,phl,211,62,2014-04-07
INV-00349,408,NYC,13,88,2017-02-20
INV-00350,465,LA,351,13,2024-08-01
INV-00351,564,PHX,191,33,09/09/2021
INV-00352,388,DAL,209,11,01/08/2022
INV-00353,581,Dal,33,32,04/06/2020
INV-00354,535,Phl,454,41,2020-11-07
INV-00355,507,PHL,480,83,2011-12-09
INV-00356,590,HOU,231,68,10/12/2022
INV-00357,472,SAN,376,15,2011-12-14
INV-00358,246,DAL,203,48,07/30/2022
INV-00359,518,SJS,27,98,2017-05-31
INV-00360,575,PHX,256,24,2014-03-11
INV-00361,588,SAN,211,51,2024-02-17
INV-00362,592,dal,46,42,2015-01-05
INV-00363,361,NYC,230,91,2014-09-05
INV-00364,596,SAN,81,58,2022-10-01
INV-00365,495,La,441,29,2011-12-26
INV-00366,592,HOU,158,67,2014-03-30
INV-00367,372,DAL,391,42,2015-01-20
INV-00368,549,HOU,252,40,2022-02-28
INV-00369,523,NYC,3,41,09/02/2021
INV-00370,552,DAL,75,17,2017-03-28
INV-00371,234,La,152,52,10/28/2011
INV-00372,402,CHI,312,94,2012-02-06
INV-00373,553,chi,383,84,2024-05-05
INV-00374,486,PHL,194,18,10/21/2011
INV-00375,530,CHI,440,45,2023-05-07
INV-00376,588,DAL,55,83,2020-04-12
INV-00377,295,PHX,309,100,2025-02-08
INV-00378,476,SAN,319,55,08/27/2024
INV-00379,543,PHX,92,88,2024-10-11
INV-00380,210,NYC,320,25,2017-07-07
INV-00381,516,ATL,179,81,08/26/2015
INV-00382,613,SJS,34,49,2015-10-06
INV-00383,211,NYC,174,60,2023-05-03
INV-00384,400,DAL,173,96,2024-10-25
INV-00385,575,CHI,321,68,08/23/2021
INV-00386,528,atl,28,76,2023-01-16
INV-00387,222,DAL,169,55,2018-01-28
INV-00388,231,phl,320,78,05/08/2014
INV-00389,406,LA,400,49,2023-10-22
INV-00390,479,ATL,449,40,2018-01-20
INV-00391,487,CHI,401,14,10/15/2017
INV-00392,228,phx,78,34,2013-01-28
INV-00393,544,Sjs,73,22,11/04/2021
INV-00394,372,DAL,235,59,2022-07-30
INV-00395,489,HOU,304,21,2022-09-19
INV-00396,606,SJS,388,49,2012-01-13
INV-00397,418,SJS,163,66,2015-09-16
INV-00398,480,NYC,318,81,2017-02-11
INV-00399,550,PHL,482,100,08/20/2015
INV-00400,281,SJS,173,79,2023-11-16
INV-00401,644,HOU,27,21,2013-12-01
INV-00402,561,PHX,159,52,01/06/2015
INV-00403,603,PHX,47,99,2022-12-19
INV-00404,574,PHX,485,38,2021-03-21
INV-00405,503,ATL,469,95,2024-11-01
INV-00406,231,NYC,179,71,2018-04-14
INV-00407,499,LA,260,23,2014-10-31
INV-00408,576,Nyc,272,69,2013-05-26
INV-00409,472,SAN,246,59,2020-04-09
INV-00410,561,Atl,222,82,09/02/2015
INV-00411,400,NYC,364,83,03/19/2023
INV-00412,528,PHL,420,66,2013-07-25
INV-00413,353,La,194,51,2020-02-07
INV-00414,376,la,325,10,05/18/2012
INV-00415,484,ATL,-22,35,2014-05-07
INV-00416,583,sjs,479,65,2018-02-06
INV-00417,559,HOU,261,61,09/21/2018
INV-00418,550,HOU,286,55,2017-08-06
INV-00419,467,ATL,201,90,2017-04-30
INV-00420,521,SAN,88,70,2019-08-02
INV-00421,502,ATL,446,95,2023-06-17
INV-00422,222,CHI,249,94,2011-04-06
INV-00423,574,Atl,457,99,2014-01-17
INV-00424,526,SAN,419,67,2020-07-19
INV-00425,564,HOU,433,40,2016-01-24
INV-00426,549,LA,500,14,2017-01-14
INV-00427,533,NYC,374,77,04/08/2019
INV-00428,287,san,45,41,2017-04-08
INV-00429,548,LA,27,53,2012-10-01
INV-00430,541,PHX,169,63,2011-03-30
INV-00431,237,LA,372,82,2017-08-10
INV-00432,398,LA,149,89,2025-02-11
INV-00433,539,Nyc,142,42,2021-11-15
INV-00434,475,HOU,-12,32,04/20/2017
INV-00435,504,CHI,358,40,2014-05-23
INV-00436,497,nyc,304,29,10/30/2022
INV-00437,467,PHX,85,36,2020-04-05
INV-00438,477,NYC,237,61,2018-09-27
INV-00439,602,SAN,349,100,2021-09-06
INV-00440,521,HOU,408,67,2016-11-21
INV-00441,584,HOU,272,91,2018-01-30
INV-00442,576,SJS,136,22,2020-09-07
INV-00443,582,DAL,301,34,2024-02-07
INV-00444,214,Hou,6,62,2015-01-13
INV-00445,499,DAL,128,34,2013-05-01
INV-00446,562,DAL ,326,25,2024-11-22
INV-00447,564,CHI,-2,92,2013-09-09
INV-00448,588,CHI,239,94,02/22/2015
INV-00449,480,ATL,341,51,2021-03-03
INV-00450,255,ATL,30,43,08/29/2012
INV-00451,261,phx,102,88,2016-12-08
INV-00452,548,ATL,329,23,01/13/2022
INV-00453,281,NYC,128,67,2016-10-22
INV-00454,573,hou,340,59,2022-03-01
INV-00455,557,HOU,481,72,2018-05-25
INV-00456,261,SAN,196,98,01/22/2020
INV-00457,547,PHL,155,61,2021-10-24
INV-00458,497,Nyc,389,47,2013-01-12
INV-00459,508,DAL,199,23,2014-12-17
INV-00460,571,PHX,71,14,2019-01-22
INV-00461,509,Nyc,329,49,2024-04-19
INV-00462,222,HOU,172,15,2021-01-28
INV-00463,580,SAN,347,78,2015-10-01
INV-00464,281,HOU,250,93,2023-12-30
INV-00465,589,CHI,323,16,11/13/2024
INV-00466,398,LA,418,23,2013-03-08
INV-00467,442,Nyc,218,53,05/06/2024
INV-00468,585,LA,164,37,01/07/2020
INV-00469,258,NYC,387,63,2024-04-20
INV-00470,522,DAL ,20,27,2019-04-19
INV-00471,386,hou,41,10,2024-09-26
INV-00472,561,SJS,413,70,2012-12-31
INV-00473,479,SAN,122,32,2015-08-16
INV-00474,593,PHX,45,90,11/05/2011
INV-00475,211,SAN,60,77,10/03/2017
INV-00476,604,SAN,237,90,2024-11-18
INV-00477,355,CHI,495,70,2017-03-14
INV-00478,243,HOU,145,36,2014-08-01
INV-00479,604,PHX,379,16,07/01/2018
INV-00480,231,PHX,36,40,2014-12-11
INV-00481,517,DAL,459,51,2024-04-17
INV-00482,306,DAL,445,35,2013-06-21
INV-00483,559,PHX,223,28,2015-12-13
INV-00484,509,PHL,368,34,2024-09-01
INV-00485,363,HOU,30,45,2017-01-18
INV-00486,398,PHL,151,87,2021-06-10
INV-00487,557,San,44,62,09/18/2024
INV-00488,440,LA,236,45,2021-12-21
INV-00489,473,DAL,296,38,08/08/2020
INV-00490,556,HOU,22,15,04/09/2024
INV-00491,634,ATL,408,99,04/23/2022
INV-00492,290,San,354,62,02/23/2021
INV-00493,471,NYC,342,49,2013-12-23
INV-00494,601,LA,232,69,04/20/2021
INV-00495,504,PHX,0,90,2020-02-03
INV-00496,485,Atl,357,88,2018-06-20
INV-00497,287,la,376,17,2015-08-24
INV-00498,355,ATL,316,15,2019-03-01
INV-00499,590,NYC,396,36,2014-12-06
INV-00500,357,PHX,385,84,07/06/2018
INV-00501,604,DAL,459,44,2015-09-15
INV-00502,258,PHL,248,74,2020-06-26
INV-00503,546,san,231,89,2013-10-02
INV-00504,527,NYC,459,32,2012-06-21
INV-00505,480,NYC,254,29,09/22/2012
INV-00506,225,SJS,349,79,09/05/2022
INV-00507,523,HOU,32,12,08/18/2021
INV-00508,543,PHL,175,93,2016-03-18
INV-00509,580,San,227,68,2018-04-27
INV-00510,488,Chi,116,71,2013-12-16
INV-00511,246,CHI,233,31,2017-06-18
INV-00512,483,chi,429,100,2014-08-10
INV-00513,357,hou,-14,26,2014-06-11
INV-00514,553,HOU,500,54,2019-04-17
INV-00515,388,SAN,471,13,2021-01-21
INV-00516,527,PHL,496,79,03/15/2022
INV-00517,485,phx,496,83,2018-06-06
INV-00518,523,PHL,374,71,09/05/2023
INV-00519,357,SJS,316,38,2014-02-16
INV-00520,565,DAL,113,45,2013-01-27
INV-00521,524,nyc,201,34,2012-11-15
INV-00522,252,PHL,366,64,2024-07-12
INV-00523,623,PHL,228,81,2019-05-13
INV-00524,516,PHX,412,64,2020-12-18
INV-00525,560,LA,106,48,2020-04-16
INV-00526,258,La,45,10,2022-10-13
INV-00527,552,PHX,386,27,2017-02-17
INV-00528,535,Hou,154,84,2019-07-25
INV-00529,444,Hou,78,43,2023-07-18
INV-00530,580,SJS,251,98,2021-08-07
INV-00531,480,phx,34,86,2011-08-22
INV-00532,521,SJS,243,98,01/13/2024
INV-00533,557,Hou,83,84,2019-05-16
INV-00534,587,CHI,27,44,2018-03-03
INV-00535,484,SAN,39,75,2018-12-26
INV-00536,303,La,278,51,01/31/2025
INV-00537,588,PHL,296,55,10/02/2017
INV-00538,482,Phl,210,53,04/16/2011
INV-00539,384,SAN,96,81,2014-08-28
INV-00540,592,SAN,410,24,2022-10-16
INV-00541,372,HOU,159,98,2012-09-17
INV-00542,562,San,175,32,2020-11-29
INV-00543,359,DAL,355,28,2011-08-24
INV-00544,372,NYC,390,24,2017-11-23
INV-00545,240,DAL,406,94,2021-11-11
INV-00546,474,HOU,341,11,04/30/2012
INV-00547,434,la,94,95,2013-10-11
INV-00548,601,sjs,178,55,2013-01-13
INV-00549,566,DAL,34,22,03/25/2022
INV-00550,593,DAL ,-40,78,2011-04-25
INV-00551,539,PHX,301,33,2013-03-19
INV-00552,500,ATL,263,39,2013-05-29
INV-00553,355,SAN,390,56,2018-01-18
INV-00554,290,PHL,197,46,2023-07-01
INV-00555,523,DAL,148,64,2017-12-30
INV-00556,531,PHL,345,72,2012-07-24
INV-00557,578,NYC,202,61,2019-11-22
INV-00558,398,NYC,101,53,2013-04-13
INV-00559,518,PHX,365,84,2020-01-25
INV-00560,580,la,248,75,2019-12-23
INV-00561,474,PHX,321,27,2021-03-13
INV-00562,537,hou,-26,87,2012-03-08
INV-00563,569,Nyc,338,76,06/05/2014
INV-00564,579,PHX,133,79,2021-06-14
INV-00565,605,hou,450,25,2023-02-15
INV-00566,523,PHX,90,81,2018-01-20
INV-00567,390,PHX,159,59,2017-10-18
INV-00568,535,SAN,292,70,2013-06-15
INV-00569,510,SJS,497,58,2014-07-04
INV-00570,482,PHL,302,15,2018-11-29
INV-00571,599,LA,456,90,2019-03-21
INV-00572,501,ATL,338,41,2013-03-08
INV-00573,586,Nyc,58,53,2017-12-31
INV-00574,527,ATL,461,63,2023-01-28
INV-00575,491,ATL,165,83,2021-07-14
INV-00576,582,DAL,257,95,2021-12-14
INV-00577,521,DAL,433,19,10/15/2024
INV-00578,477,HOU,293,61,01/07/2023
INV-00579,298,LA,172,44,2025-01-03
INV-00580,436,Phl,333,48,2022-11-29
INV-00581,548,PHL,-25,42,2017-09-22
INV-00582,550,chi,321,100,2021-03-01
INV-00583,438,PHX,326,78,03/09/2015
INV-00584,596,HOU,186,69,2020-09-23
INV-00585,605,Sjs,210,50,05/17/2014
INV-00586,515,Sjs,330,30,2012-06-11
INV-00587,471,NYC,14,41,06/26/2024
INV-00588,553,ATL,463,14,2017-12-18
INV-00589,476,SJS,90,92,02/12/2017
INV-00590,252,NYC,152,18,11/24/2021
INV-00591,581,NYC,429,27,2020-02-17
INV-00592,359,SAN,297,77,2023-10-22
INV-00593,361,PHL,299,59,01/09/2013
INV-00594,440,CHI,109,45,2016-04-16
INV-00595,252,PHX,358,24,2016-09-14
INV-00596,473,sjs,479,28,2020-07-03
INV-00597,225,LA,378,94,04/01/2019
INV-00598,581,DAL,196,49,2012-03-23
INV-00599,585,NYC,121,66,2019-02-20
INV-00600,475,SJS,421,40,2019-10-25
INV-00601,571,phl,392,92,2014-08-05
INV-00602,287,PHX,211,52,2011-10-05
INV-00603,588,SJS,180,63,2013-04-02
INV-00604,526,Hou,328,92,2023-04-14
INV-00605,374,HOU,321,49,2020-12-11
INV-00606,473,SAN,393,93,11/04/2012
INV-00607,491,PHX,376,27,2024-04-28
INV-00608,482,DAL,188,33,2024-04-20
INV-00609,556,DAL,11,81,2019-06-19
INV-00610,295,PHX,359,31,2025-01-20
INV-00611,476,CHI,188,31,11/10/2024
INV-00612,634,Atl,475,68,08/19/2013
INV-00613,592,DAL,441,44,2022-01-31
INV-00614,520,DAL,421,46,2022-01-31
INV-00615,514,CHI,499,43,2015-04-01
INV-00616,504,LA,234,20,2021-02-11
INV-00617,587,ATL,365,59,2013-12-27
INV-00618,303,SAN,170,40,2024-05-24
INV-00619,581,LA,-48,10,2018-12-12
INV-00620,511,PHL,456,81,2024-11-24
INV-00621,538,phx,449,69,2015-01-09
INV-00622,520,CHI,160,15,02/12/2018
INV-00623,481,phl,144,43,2022-03-13
INV-00624,521,CHI,251,29,2016-11-30
INV-00625,382,HOU,18,70,2020-11-13
INV-00626,536,HOU,363,81,2021-06-23
INV-00627,594,CHI,47,36,01/21/2022
INV-00628,601,San,288,94,2015-01-19
INV-00629,211,San,92,63,02/02/2024
INV-00630,583,nyc,13,46,2016-07-09
INV-00631,561,Nyc,78,13,2013-09-26
INV-00632,478,LA,168,15,2021-10-05
INV-00633,597,LA,441,16,02/28/2021
INV-00634,252,NYC,308,58,2017-05-06
INV-00635,512,NYC,106,30,2016-09-21
INV-00636,602,CHI,251,65,2020-01-10
INV-00637,564,CHI,49,57,2017-12-15
INV-00638,509,PHX,307,64,2021-12-24
INV-00639,567,CHI,218,21,2020-06-23
INV-00640,583,DAL,365,29,08/31/2018
INV-00641,544,NYC,223,20,10/29/2022
INV-00642,363,Sjs,267,64,2021-09-17
INV-00643,243,SAN,217,62,2012-01-26
INV-00644,500,SJS,393,74,2023-10-01
INV-00645,404,ATL,213,100,2021-05-19
INV-00646,603,PHX,135,53,03/03/2024
INV-00647,287,LA,344,23,2015-03-14
INV-00648,608,HOU,244,68,2011-05-27
INV-00649,487,La,315,56,2024-07-01
INV-00650,295,CHI,97,24,11/10/2019
INV-00651,436,PHX,332,40,2015-03-22
INV-00652,547,DAL,394,69,2025-01-15
INV-00653,611,CHI,227,72,2020-06-18
INV-00654,432,SJS,426,60,2021-01-30
INV-00655,592,atl,434,73,2011-03-06
INV-00656,484,HOU,248,75,2024-05-13
INV-00657,534,DAL,270,12,2024-09-18
INV-00658,478,atl,59,73,2018-01-31
INV-00659,521,HOU,371,34,2018-10-11
INV-00660,442,la,173,87,10/29/2020
INV-00661,485,atl,426,96,2021-07-04
INV-00662,388,LA,-6,21,2019-01-30
INV-00663,386,LA,406,63,11/23/2013
INV-00664,436,SAN,9,55,01/27/2022
INV-00665,400,SAN,32,53,2019-01-03
INV-00666,553,DAL,174,55,11/07/2024
INV-00667,382,SAN,53,100,2023-06-30
INV-00668,603,nyc,400,88,2020-10-26
INV-00669,240,SAN,322,25,04/14/2013
INV-00670,484,Phx,255,22,2019-02-10
INV-00671,376,Nyc,-22,63,02/27/2019
INV-00672,531,PHL,87,20,2011-02-23
INV-00673,580,DAL,385,77,2020-04-22
INV-00674,519,atl,459,68,02/13/2016
INV-00675,502,HOU,394,11,2022-07-30
INV-00676,290,PHL,395,31,2022-08-09
INV-00677,579,chi,29,90,10/27/2019
INV-00678,517,atl,358,80,08/29/2022
INV-00679,214,sjs,312,28,2018-01-13
INV-00680,549,La,333,66,2021-01-03
INV-00681,487,NYC,171,59,2020-01-27
INV-00682,548,SJS,261,80,2013-10-29
INV-00683,386,HOU,407,79,2018-08-23
INV-00684,487,atl,56,17,05/31/2016
INV-00685,500,NYC,333,25,2016-10-28
INV-00686,526,phl,412,84,2023-11-03
INV-00687,562,DAL,145,95,01/29/2025
INV-00688,592,ATL,126,23,2023-11-06
INV-00689,502,PHX,364,64,01/23/2024
INV-00690,518,CHI,228,19,2012-11-02
INV-00691,553,San,446,43,2022-10-21
INV-00692,586,PHX,-24,30,2020-06-30
INV-00693,527,chi,262,77,2013-11-07
INV-00694,234,chi,189,25,2015-10-08
INV-00695,504,LA,267,29,2020-03-01
INV-00696,487,SJS,405,28,2017-11-02
INV-00697,488,SJS,419,72,2024-03-23
INV-00698,243,ATL,158,82,2023-04-13
INV-00699,531,LA,70,74,2018-07-30
INV-00700,382,PHL,319,95,2021-02-02
INV-00701,511,PHL,490,95,09/08/2019
INV-00702,390,HOU,407,100,2017-03-22
INV-00703,290,DAL ,277,83,10/11/2013
INV-00704,602,PHX,-49,25,2023-10-16
INV-00705,222,Sjs,125,100,12/05/2022
INV-00706,546,LA,301,15,2023-12-31
INV-00707,404,ATL,270,50,2011-07-10
INV-00708,306,SAN,73,33,2013-01-15
INV-00709,514,CHI,492,51,2013-01-04
INV-00710,306,PHL,457,51,2012-04-24
INV-00711,471,LA,252,75,09/17/2013
INV-00712,478,HOU,283,62,2019-08-21
INV-00713,465,HOU,493,85,2011-08-25
INV-00714,576,CHI,208,67,2016-07-10
INV-00715,378,PHL,86,41,2022-03-23
INV-00716,552,PHX,416,69,07/03/2020
INV-00717,390,HOU,471,71,2024-12-03
INV-00718,507,Phl,108,84,08/17/2016
INV-00719,599,SAN,153,21,2017-04-23
INV-00720,595,san,449,65,2013-10-04
INV-00721,491,PHL,385,100,2022-04-28
INV-00722,492,PHL,491,86,2016-07-07
INV-00723,210,LA,461,11,2013-12-31
INV-00724,588,Phx,275,20,04/07/2020
INV-00725,581,PHX,180,58,09/27/2012
INV-00726,606,HOU,189,34,2019-01-11
INV-00727,604,SJS,363,55,2015-12-20
INV-00728,593,DAL,252,56,2024-10-04
INV-00729,590,LA,100,91,2022-01-20
INV-00730,536,CHI,337,82,2017-03-22
INV-00731,258,LA,33,26,2024-07-10
INV-00732,543,SJS,347,12,10/13/2023
INV-00733,584,san,1,64,2022-12-14
INV-00734,492,Atl,-24,45,2012-02-29
INV-00735,502,San,452,38,2022-08-16
INV-00736,490,HOU,171,20,06/03/2020
INV-00737,444,atl,469,41,2011-07-27
INV-00738,570,NYC,221,13,2018-05-21
INV-00739,474,DAL,-35,53,01/17/2025
INV-00740,467,Nyc,317,66,06/25/2018
INV-00741,361,nyc,469,14,2025-01-09
INV-00742,255,PHX,312,90,2012-06-16
INV-00743,553,HOU,195,61,2013-04-14
INV-00744,563,LA,196,69,03/21/2020
INV-00745,496,HOU,168,85,2024-11-28
INV-00746,646,NYC,430,34,04/21/2013
INV-00747,475,PHL,371,89,2013-10-29
INV-00748,243,HOU,299,65,2016-06-14
INV-00749,548,CHI,158,87,2019-01-09
INV-00750,542,LA,74,17,2019-04-10
INV-00751,518,PHL,102,91,07/20/2023
INV-00752,580,PHX,239,86,2012-07-14
INV-00753,495,LA,168,30,2023-12-22
INV-00754,210,DAL,238,89,2011-12-12
INV-00755,494,ATL,94,10,2021-10-13
INV-00756,552,NYC,225,34,2012-08-27
INV-00757,231,DAL,89,38,01/27/2019
INV-00758,551,DAL,11,32,11/28/2014
INV-00759,644,CHI,403,24,2013-04-08
INV-00760,471,Phl,338,31,09/19/2015
INV-00761,592,NYC,451,26,12/23/2024
INV-00762,587,PHL,-23,91,2015-04-20
INV-00763,560,dal,150,29,2012-01-14
INV-00764,481,Chi,495,84,03/12/2012
INV-00765,530,LA,260,59,09/11/2015
INV-00766,542,PHX,364,57,2022-06-03
INV-00767,536,PHX,205,91,11/03/2021
INV-00768,436,dal,231,40,2024-02-05
INV-00769,506,LA,431,57,2017-11-11
INV-00770,290,SJS,180,39,2012-11-25
INV-00771,496,ATL,221,62,2021-06-08
INV-00772,507,HOU,119,43,2022-02-27
INV-00773,485,SAN,329,20,01/20/2019
INV-00774,281,PHL,102,52,2016-02-09
INV-00775,600,SJS,309,27,05/21/2018
INV-00776,214,SJS,177,61,03/08/2023
INV-00777,217,PHX,389,29,01/03/2024
INV-00778,601,DAL,264,85,02/08/2016
INV-00779,528,Phl,160,34,2021-07-06
INV-00780,525,SAN,71,83,05/14/2020
INV-00781,214,Phx,427,55,2017-11-08
INV-00782,602,Atl,353,78,2020-05-26
INV-00783,603,CHI,487,52,2024-03-01
INV-00784,556,atl,104,60,2024-07-10
INV-00785,353,PHL,231,91,09/01/2019
INV-00786,582,SAN,423,98,2013-02-02
INV-00787,261,ATL,119,47,2011-08-08
INV-00788,504,SAN,167,62,2012-07-27
INV-00789,517,PHX,199,36,2013-06-26
INV-00790,591,PHX,294,49,2015-08-12
INV-00791,527,SJS,73,67,2022-04-09
INV-00792,473,SAN,291,72,2019-12-15
INV-00793,606,SJS,470,68,2023-12-03
INV-00794,400,ATL,460,89,2017-09-02
INV-00795,578,CHI,48,60,2021-04-08
INV-00796,386,sjs,275,47,2011-12-24
INV-00797,594,dal,210,80,2012-06-30
INV-00798,309,San,166,62,2019-04-09
INV-00799,243,PHX,327,98,2016-09-01
INV-00800,600,Atl,203,14,2021-05-11
INV-00801,374,PHL,237,72,2013-07-28
INV-00802,472,PHX,420,45,11/07/2012
INV-00803,565,NYC,63,78,2014-10-29
INV-00804,605,HOU,78,66,2014-10-11
INV-00805,582,SAN,356,16,11/10/2015
INV-00806,593,NYC,157,66,2022-09-23
INV-00807,506,DAL ,191,40,2011-02-08
INV-00808,217,Phl,348,95,2011-05-12
INV-00809,580,CHI,22,63,2013-03-02
INV-00810,570,DAL,478,79,2018-05-03
INV-00811,438,NYC,88,11,2020-08-06
INV-00812,614,PHX,-8,45,2018-02-03
INV-00813,440,ATL,306,73,04/11/2019
INV-00814,555,CHI,48,86,2013-04-14
INV-00815,583,CHI,-10,98,2025-02-24
INV-00816,222,la,229,58,2021-10-24
INV-00817,590,HOU,315,25,2016-03-19
INV-00818,568,NYC,191,73,2020-08-11
INV-00819,574,HOU,371,86,05/27/2014
INV-00820,494,CHI,329,15,2020-12-14
INV-00821,483,HOU,375,52,2020-04-21
INV-00822,580,Dal,356,38,2015-08-14
INV-00823,404,PHX,33,72,2019-07-23
INV-00824,378,DAL,88,85,2015-04-26
INV-00825,287,ATL,159,31,2015-08-02
INV-00826,565,DAL,295,67,06/29/2016
INV-00827,533,nyc,184,60,2015-07-08
INV-00828,539,LA,389,29,07/23/2021
INV-00829,625,Atl,388,48,2021-10-23
INV-00830,400,SJS,156,68,2014-06-05
INV-00831,281,PHL,240,35,2023-08-11
INV-00832,633,PHL,473,63,04/03/2015
INV-00833,488,LA,453,14,05/15/2019
INV-00834,554,CHI,223,42,10/16/2013
INV-00835,535,PHL,333,59,10/26/2018
INV-00836,234,PHL,346,13,2016-07-14
INV-00837,526,CHI,308,84,04/26/2014
INV-00838,606,ATL,300,20,2014-08-15
INV-00839,390,ATL,154,74,03/27/2015
INV-00840,597,Atl,473,21,2019-08-02
INV-00841,498,CHI,107,60,2023-11-04
INV-00842,535,HOU,396,99,2011-02-22
INV-00843,597,ATL,191,33,2020-05-07
INV-00844,538,NYC,416,37,2015-06-11
INV-00845,604,DAL,461,62,2012-04-28
INV-00846,572,CHI,43,58,2025-01-02
INV-00847,559,DAL,344,22,2012-06-10
INV-00848,211,La,21,22,2016-12-19
INV-00849,543,sjs,242,53,2011-03-01
INV-00850,497,Phl,481,56,2018-07-20
INV-00851,501,Phl,1,68,06/28/2019
INV-00852,376,HOU,444,77,2020-01-05
INV-00853,568,PHX,338,34,2016-07-29
INV-00854,624,hou,376,51,2018-03-24
INV-00855,512,La,178,64,03/28/2016
INV-00856,589,NYC,150,87,2021-09-05
INV-00857,556,SAN,254,21,2014-03-18
INV-00858,529,chi,488,24,2023-04-23
INV-00859,438,Chi,337,99,2023-02-16
INV-00860,231,chi,167,59,10/02/2020
INV-00861,580,phx,343,25,2015-12-11
INV-00862,535,Nyc,170,38,12/27/2022
INV-00863,497,atl,380,58,2024-06-21
INV-00864,521,DAL,59,47,2023-08-09
INV-00865,561,DAL,59,83,2012-12-31
INV-00866,557,HOU,302,78,2018-01-11
INV-00867,491,Phl,478,26,2019-09-15
INV-00868,353,ATL,436,68,2024-06-29
INV-00869,537,PHX,145,28,2017-08-28
INV-00870,489,san,63,45,10/09/2011
INV-00871,440,PHX,494,58,2023-11-15
INV-00872,593,dal,478,38,2018-06-22
INV-00873,402,PHX,153,94,03/06/2012
INV-00874,550,ATL,347,70,07/28/2014
INV-00875,545,SJS,472,34,2019-10-12
INV-00876,372,Phl,297,16,04/17/2023
INV-00877,388,LA,-6,71,2017-10-26
INV-00878,601,DAL,4,56,2014-04-01
INV-00879,380,atl,218,96,11/29/2023
INV-00880,531,chi,-43,75,2012-04-06
INV-00881,382,ATL,60,40,2024-04-23
INV-00882,400,Atl,407,95,2017-10-15
INV-00883,576,ATL,334,66,2021-05-26
INV-00884,361,PHX,465,75,2013-09-10
INV-00885,556,PHX,381,22,02/29/2024
INV-00886,575,ATL,64,22,2015-01-23
INV-00887,589,HOU,418,78,01/21/2023
INV-00888,542,LA,419,93,2022-11-21
INV-00889,359,Chi,355,33,2015-08-27
INV-00890,361,HOU,105,93,2021-01-11
INV-00891,602,HOU,63,74,2023-08-13
INV-00892,578,HOU,23,76,03/18/2023
INV-00893,523,CHI,355,50,2017-07-31
INV-00894,540,DAL,339,15,2018-11-24
INV-00895,440,CHI,110,85,2015-03-21
INV-00896,518,NYC,133,58,2013-11-18
INV-00897,290,SJS,481,98,2014-08-30
INV-00898,597,sjs,356,92,2015-07-28
INV-00899,575,SAN,214,29,2019-05-07
INV-00900,564,DAL,63,78,2020-09-22
INV-00901,494,NYC,170,44,2023-04-20
INV-00902,306,atl,113,58,01/24/2016
INV-00903,596,SJS,413,72,2013-10-08
INV-00904,482,SAN,-44,16,2018-10-29
INV-00905,599,SAN,451,61,2019-09-27
INV-00906,585,SAN,336,26,2013-11-11
INV-00907,249,PHL,127,96,2023-09-24
INV-00908,500,PHX,141,64,2021-04-08
INV-00909,295,SJS,160,21,2016-02-18
INV-00910,298,CHI,43,46,2012-09-20
INV-00911,214,ATL,477,27,2022-01-20
INV-00912,583,SAN,207,11,2022-07-20
INV-00913,589,SAN,125,94,03/01/2011
INV-00914,240,LA,86,96,11/05/2022
INV-00915,400,NYC,68,75,2022-09-28
INV-00916,507,CHI,57,53,02/22/2012
INV-00917,606,NYC,247,47,2016-08-08
INV-00918,555,ATL,156,92,2011-01-19
INV-00919,568,PHX,3,88,2011-10-18
INV-00920,211,phl,95,61,2017-09-10
INV-00921,430,NYC,460,29,2013-04-10
INV-00922,643,SJS,202,57,2021-12-06
INV-00923,547,SJS,224,94,08/09/2020
INV-00924,601,ATL,452,100,2014-08-18
INV-00925,374,ATL,169,14,2015-04-02
INV-00926,580,SJS,250,80,2015-06-19
INV-00927,605,ATL,472,59,2013-11-09
INV-00928,363,CHI,6,97,2013-06-02
INV-00929,562,HOU,148,46,2018-09-03
INV-00930,384,SAN,143,24,08/14/2020
INV-00931,519,DAL,400,23,2016-07-19
INV-00932,408,LA,-41,39,2022-04-08
INV-00933,613,CHI,315,35,2020-01-01
INV-00934,544,SJS,118,38,2012-02-22
INV-00935,519,HOU,-33,56,2021-09-30
INV-00936,473,phl,93,15,2018-11-15
INV-00937,530,sjs,51,65,2018-03-19
INV-00938,487,NYC,6,97,2022-01-07
INV-00939,599,PHL,-13,77,2013-12-03
INV-00940,436,LA,454,23,2016-05-05
INV-00941,560,DAL,228,22,2024-07-01
INV-00942,487,phx,-38,78,2023-04-05
INV-00943,517,SAN,456,81,12/25/2011
INV-00944,593,nyc,34,71,2019-03-18
INV-00945,390,LA,495,26,2022-04-20
INV-00946,587,DAL,203,73,2023-09-13
INV-00947,390,Phx,196,81,07/08/2022
INV-00948,434,CHI,292,37,2019-12-28
INV-00949,541,PHX,368,77,2011-03-14
INV-00950,478,SAN,114,15,2015-12-10
INV-00951,610,sjs,138,16,2017-07-18
INV-00952,436,SAN,332,54,2016-08-01
INV-00953,590,SAN,68,62,04/12/2019
INV-00954,252,Hou,112,45,2017-08-12
INV-00955,559,NYC,352,58,05/09/2011
INV-00956,572,LA,418,66,2016-10-09
INV-00957,571,ATL,118,65,2017-01-10
INV-00958,404,PHX,441,32,2021-09-29
INV-00959,404,SJS,83,32,01/01/2022
INV-00960,378,NYC,232,92,08/19/2024
INV-00961,376,HOU,193,59,2013-04-01
INV-00962,574,HOU,394,20,2011-04-22
INV-00963,214,NYC,418,53,01/26/2025
INV-00964,532,la,417,30,2012-11-27
INV-00965,252,SAN,321,79,2021-09-28
INV-00966,485,NYC,428,63,2011-12-31
INV-00967,628,ATL,335,46,2016-01-12
INV-00968,593,NYC,56,38,2019-08-18
INV-00969,567,PHL,472,20,04/27/2017
INV-00970,519,SAN,92,96,2024-07-23
INV-00971,483,phl,138,73,2017-10-06
INV-00972,592,Nyc,441,29,12/14/2016
INV-00973,509,PHX,402,71,04/15/2014
INV-00974,596,SJS,165,26,2013-07-16
INV-00975,536,ATL,498,62,2019-08-21
INV-00976,577,DAL,281,73,2018-06-24
INV-00977,463,ATL,366,63,2022-01-18
INV-00978,467,PHL,435,12,2015-12-02
INV-00979,355,hou,184,27,2021-08-18
INV-00980,551,ATL,423,38,2014-03-26
INV-00981,588,CHI,13,99,02/02/2014
INV-00982,353,LA,428,86,05/03/2019
INV-00983,378,NYC,6,82,09/05/2011
INV-00984,404,PHX,383,77,2020-05-04
INV-00985,594,PHL,330,98,2017-09-19
INV-00986,574,HOU,88,74,2013-06-30
INV-00987,584,PHX,424,43,11/22/2019
INV-00988,463,atl,139,21,2022-04-04
INV-00989,512,LA,200,33,10/22/2013
INV-00990,284,PHX,334,92,2023-07-18
INV-00991,505,ATL,55,23,2019-07-14
INV-00992,495,HOU,83,79,2024-07-12
INV-00993,603,SJS,103,91,10/02/2015
INV-00994,555,LA,-20,15,2016-05-22
INV-00995,214,Phl,490,60,2013-02-02
INV-00996,595,phl,359,96,2018-01-20
INV-00997,538,NYC,396,29,2020-02-19
INV-00998,237,SJS,349,69,2019-07-28
INV-00999,593,dal,413,97,2025-01-14
INV-01000,538,san,-12,93,2014-08-12
INV-01001,372,PHL,319,65,2018-08-28
INV-01002,566,LA,78,82,2019-09-11
INV-01003,217,Chi,158,80,02/27/2022
INV-01004,526,PHL,151,30,2012-12-15
INV-01005,295,NYC,395,68,2023-12-06
INV-01006,605,PHX,71,25,08/12/2021
INV-01007,619,ATL,317,97,2021-12-13
INV-01008,569,PHL,349,62,2019-03-24
INV-01009,584,HOU,329,17,2016-11-23
INV-01010,553,HOU,53,47,2016-06-28
INV-01011,281,DAL,236,95,2023-10-15
INV-01012,546,PHX,92,23,06/13/2021
INV-01013,432,ATL,162,53,11/26/2019
INV-01014,599,PHX,-21,14,2021-11-27
INV-01015,438,PHL,307,58,2021-07-16
INV-01016,531,DAL,444,12,02/09/2019
INV-01017,572,CHI,35,45,2020-06-26
INV-01018,525,ATL,342,43,2017-09-09
INV-01019,519,phl,152,31,2012-03-16
INV-01020,547,chi,223,55,05/26/2020
INV-01021,214,San,305,35,2023-10-17
INV-01022,492,PHL,459,68,12/22/2023
INV-01023,357,ATL,369,10,03/15/2022
INV-01024,573,LA,111,34,2013-10-26
INV-01025,563,ATL,107,34,04/01/2023
INV-01026,504,PHL,459,49,2023-12-09
INV-01027,576,PHX,180,55,10/18/2013
INV-01028,605,PHL,90,68,2020-07-20
INV-01029,388,SAN,145,94,2014-12-20
INV-01030,589,la,463,22,10/23/2020
INV-01031,222,la,53,73,2013-04-30
INV-01032,306,PHX,412,14,2024-12-28
INV-01033,526,SAN,100,70,06/07/2020
INV-01034,528,atl,330,100,11/12/2018
INV-01035,624,DAL,137,94,2019-11-17
INV-01036,211,ATL,13,29,04/20/2020
INV-01037,563,PHL,491,83,08/22/2022
INV-01038,510,DAL,201,16,06/04/2016
INV-01039,572,atl,88,61,12/17/2023
INV-01040,465,NYC,64,74,2022-08-08
INV-01041,605,Sjs,81,51,2023-12-10
INV-01042,601,LA,316,100,2013-02-03
INV-01043,228,chi,324,90,10/07/2012
INV-01044,442,SJS,430,41,2015-03-09
INV-01045,578,HOU,478,28,2019-06-25
INV-01046,355,phx,62,23,2023-12-30
INV-01047,298,NYC,185,36,2016-11-16
INV-01048,515,NYC,320,19,2022-01-05
INV-01049,490,Phx,92,48,2020-06-01
INV-01050,571,La,60,53,01/03/2015
INV-01051,563,SAN,267,42,11/08/2021
INV-01052,547,HOU,389,29,2015-04-29
INV-01053,440,HOU,112,20,2019-03-09
INV-01054,533,DAL ,178,100,2013-11-02
INV-01055,536,ATL,204,34,2017-08-08
INV-01056,593,sjs,52,84,06/10/2015
INV-01057,434,PHX,228,64,2024-03-06
INV-01058,569,NYC,219,35,2017-02-03
INV-01059,258,PHX,17,75,2019-05-22
INV-01060,575,SAN,15,24,2020-03-11
INV-01061,406,PHL,110,94,2018-03-28
INV-01062,361,HOU,5,52,2014-04-03
INV-01063,465,SAN,145,87,2023-09-23
INV-01064,481,la,413,95,2015-11-17
INV-01065,521,Phl,101,35,2020-06-16
INV-01066,480,ATL,231,31,2022-01-29
INV-01067,557,HOU,329,83,04/04/2024
INV-01068,513,hou,470,77,2021-05-10
INV-01069,303,ATL,140,50,05/14/2011
INV-01070,490,PHX,201,48,2019-12-24
INV-01071,574,Nyc,480,89,2021-03-12
INV-01072,214,CHI,165,98,2016-01-10
INV-01073,408,Phl,275,10,01/29/2016
INV-01074,243,NYC,155,19,2012-03-06
INV-01075,507,SJS,473,27,2024-09-28
INV-01076,380,la,494,62,2013-09-09
INV-01077,471,LA,250,45,2013-09-29
INV-01078,477,SJS,180,81,10/29/2021
INV-01079,598,DAL,38,73,2016-06-08
INV-01080,529,ATL,53,53,2011-04-18
INV-01081,541,Phl,159,100,2024-03-30
INV-01082,353,CHI,186,59,06/15/2014
INV-01083,512,DAL,216,31,2024-11-30
INV-01084,380,phx,381,24,2023-12-12
INV-01085,231,PHX,231,55,2021-05-03
INV-01086,520,DAL,257,65,2023-05-06
INV-01087,504,NYC,195,64,2012-03-11
INV-01088,562,SJS,252,76,2015-04-01
INV-01089,355,DAL,458,14,2012-02-13
INV-01090,306,SJS,317,99,2016-05-09
INV-01091,442,SJS,87,36,2019-10-16
INV-01092,483,HOU,257,99,2017-06-17
INV-01093,586,DAL,348,18,2017-11-06
INV-01094,378,HOU,219,52,2018-06-14
INV-01095,398,HOU,-20,84,2016-12-01
INV-01096,243,HOU,148,39,2016-07-20
INV-01097,303,NYC,376,52,2014-10-02
INV-01098,475,PHX,234,11,11/13/2018
INV-01099,542,LA,138,97,2017-10-02
INV-01100,515,DAL,72,55,2011-06-19
INV-01101,588,ATL,381,21,2016-06-24
INV-01102,480,san,230,77,2019-06-22
INV-01103,510,LA,141,49,2018-10-28
INV-01104,497,LA,407,68,2023-12-31
INV-01105,214,phx,75,69,2018-10-13
INV-01106,569,SAN,155,72,2022-09-25
INV-01107,603,DAL,303,25,2017-08-11
INV-01108,623,HOU,70,54,11/10/2017
INV-01109,606,SAN,44,44,2022-04-05
INV-01110,287,SJS,242,55,2015-05-31
INV-01111,306,sjs,305,49,2019-08-31
INV-01112,492,LA,393,35,2020-10-10
INV-01113,487,SJS,290,90,2020-05-03
INV-01114,521,NYC,226,98,2015-02-11
INV-01115,519,PHX,210,69,2019-01-08
INV-01116,627,Nyc,314,48,07/15/2023
INV-01117,363,LA,289,47,2024-01-07
INV-01118,581,HOU,390,76,2019-10-22
INV-01119,479,NYC,49,47,2012-03-21
INV-01120,361,LA,378,16,2018-06-07
INV-01121,599,PHX,-7,91,07/31/2022
INV-01122,594,Hou,319,98,2017-09-30
INV-01123,639,NYC,126,36,2012-07-04
INV-01124,523,ATL,62,48,2011-07-21
INV-01125,549,Sjs,348,66,02/16/2015
INV-01126,380,HOU,419,94,2024-11-03
INV-01127,549,DAL,148,47,2022-06-22
INV-01128,580,SJS,357,23,2024-03-16
INV-01129,482,PHX,199,11,2020-07-12
INV-01130,578,LA,464,55,10/07/2011
INV-01131,527,SJS,81,55,2021-06-30
INV-01132,590,SAN,32,32,2022-04-15
INV-01133,554,PHL,439,27,2018-11-22
INV-01134,261,PHX,241,87,2017-10-17
INV-01135,539,SAN,357,51,2023-12-02
INV-01136,568,ATL,15,30,2024-01-10
INV-01137,583,PHX,118,40,2013-05-20
INV-01138,508,atl,31,88,2014-11-26
INV-01139,281,Phx,310,90,11/03/2011
INV-01140,588,PHX,326,83,2014-11-26
INV-01141,522,SJS,379,30,2015-05-23
INV-01142,418,NYC,322,95,2022-11-08
INV-01143,211,Phl,290,79,09/30/2011
INV-01144,596,SAN,426,36,2018-08-23
INV-01145,501,la,436,27,08/16/2021
INV-01146,506,NYC,65,76,2020-11-04
INV-01147,249,LA,11,38,08/24/2013
INV-01148,474,ATL,34,30,07/02/2017
INV-01149,471,san,256,49,2012-09-04
INV-01150,355,LA,469,43,2012-04-09
INV-01151,476,DAL,391,17,2011-09-22
INV-01152,494,HOU,37,82,04/09/2023
INV-01153,281,ATL,313,20,10/17/2011
INV-01154,479,HOU,254,74,2021-09-27
INV-01155,487,DAL,28,13,11/09/2018
INV-01156,507,HOU,26,59,05/27/2015
INV-01157,519,SAN,224,25,10/22/2013
INV-01158,497,atl,121,39,2019-04-01
INV-01159,601,SAN,410,11,03/24/2011
INV-01160,284,HOU,-39,46,2016-08-09
INV-01161,472,SJS,203,71,2018-11-04
INV-01162,549,DAL,376,55,09/21/2012
INV-01163,487,Phl,149,93,2015-12-10
INV-01164,548,SAN,177,62,2016-12-31
INV-01165,287,dal,430,76,2024-12-12
INV-01166,505,CHI,120,99,2023-05-27
INV-01167,225,Phx,138,45,2021-03-06
INV-01168,290,HOU,312,59,2017-09-26
INV-01169,243,DAL,94,94,2019-08-01
INV-01170,234,San,479,13,03/04/2012
INV-01171,477,LA,14,53,2018-07-17
INV-01172,519,Hou,283,59,12/09/2024
INV-01173,546,PHX,368,82,06/12/2017
INV-01174,507,PHX,473,40,2016-10-31
INV-01175,584,SJS,127,79,2011-05-05
INV-01176,567,SJS,337,42,10/23/2023
INV-01177,620,LA,428,43,08/20/2024
INV-01178,522,HOU,494,55,2020-12-14
INV-01179,252,la,141,88,2023-06-26
INV-01180,476,SJS,253,26,2012-06-08
INV-01181,568,HOU,335,14,2014-11-30
INV-01182,558,PHL,367,39,2022-05-14
INV-01183,222,PHL,22,86,2016-10-23
INV-01184,523,NYC,-35,36,2013-06-13
INV-01185,584,ATL,218,46,2019-05-01
INV-01186,502,phl,459,93,2018-04-29
INV-01187,388,PHL,476,29,08/05/2017
INV-01188,438,PHL,399,75,07/29/2011
INV-01189,506,LA,371,29,2018-09-19
INV-01190,444,LA,294,90,2012-10-04
INV-01191,361,San,310,70,2020-05-17
